"Time_Iter","Outer_Iter","Inner_Iter",    "Cur_Time"    ,    "rms[Rho]"    ,    "rms[RhoU]"   ,    "rms[RhoV]"   ,    "rms[RhoE]"   
          0,           0,          49,                 0,      -5.275888614,       -1.84931146,      -1.977523644,      0.2020638135
          1,           0,          49,    0.002355502561,      -5.339404435,      -2.447210356,      -2.127480697,       0.289090172
          2,           0,          49,    0.004711005123,      -5.539684526,      -2.992066276,      -2.212591314,    0.002450397912
          3,           0,          49,    0.007066507684,      -5.647622335,      -3.433382329,      -2.519738615,     -0.3183076245
          4,           0,          49,    0.009422010245,      -5.645533509,      -3.648336657,      -2.733304468,     -0.3278680047
          5,           0,          49,     0.01177751281,       -5.63815244,      -3.713986518,      -2.717611444,     -0.2968758979
          6,           0,          49,     0.01413301537,      -5.661260015,      -3.693704254,      -2.626093863,      -0.301601339
          7,           0,          49,     0.01648851793,       -5.68533317,      -3.651504801,      -2.572931725,     -0.2923250121
          8,           0,          49,     0.01884402049,      -5.703091714,      -3.621573091,      -2.584842662,     -0.2727280072
          9,           0,          49,     0.02119952305,      -5.715199872,      -3.623548227,       -2.66924861,     -0.2625759221
         10,           0,          49,     0.02355502561,      -5.758019195,      -3.657494558,      -2.820392712,     -0.2612786547
         11,           0,          49,     0.02591052817,       -5.81592721,      -3.689348067,      -3.057664165,     -0.3077193388
         12,           0,          49,     0.02826603074,       -5.87343962,      -3.716879213,      -3.183335201,     -0.3650217224
         13,           0,          49,      0.0306215333,      -5.929916734,      -3.833621469,      -2.980143953,     -0.4117637256
         14,           0,          49,     0.03297703586,      -5.946112727,      -3.920045545,      -2.850046302,     -0.4809585872
         15,           0,          49,     0.03533253842,      -5.909532435,      -3.890775674,      -2.789220148,     -0.5116343941
         16,           0,          49,     0.03768804098,      -5.867030162,      -3.839395481,      -2.763961123,     -0.4944205547
         17,           0,          49,     0.04004354354,      -5.825749231,      -3.790173826,      -2.720157681,     -0.4612924544
         18,           0,          49,      0.0423990461,      -5.798876944,      -3.747967812,      -2.643440341,     -0.4362588622
         19,           0,          49,     0.04475454866,      -5.778107215,      -3.706962352,      -2.584585351,     -0.4110832135
         20,           0,          49,     0.04711005123,      -5.755918845,      -3.667822782,      -2.592580488,     -0.3674048928
         21,           0,          49,     0.04946555379,      -5.738954008,      -3.643833282,      -2.685882638,     -0.3172277594
         22,           0,          49,     0.05182105635,      -5.747352723,      -3.677131952,      -2.860208327,      -0.287931173
         23,           0,          49,     0.05417655891,      -5.791160609,      -3.721952052,        -3.0404787,     -0.2928483861
         24,           0,          49,     0.05653206147,       -5.85825837,      -3.766930588,      -3.094289692,     -0.3338696531
         25,           0,          49,     0.05888756403,      -5.922977483,      -3.869847822,      -3.005556993,     -0.4111257301
         26,           0,          49,     0.06124306659,      -5.956156414,      -3.972406727,      -2.914464943,     -0.5048083231
         27,           0,          49,     0.06359856916,      -5.926930203,      -3.971113709,      -2.862195595,     -0.5588483692
         28,           0,          49,     0.06595407172,       -5.88775592,      -3.893373162,       -2.83694862,     -0.5543706949
         29,           0,          49,     0.06830957428,      -5.859476471,      -3.824299982,      -2.799221122,     -0.5311106325
         30,           0,          49,     0.07066507684,      -5.836749336,      -3.769887087,      -2.705362961,     -0.5029899182
         31,           0,          49,      0.0730205794,      -5.811862647,       -3.71934742,      -2.602061847,     -0.4628688258
         32,           0,          49,     0.07537608196,      -5.770894327,      -3.677591046,      -2.558292757,     -0.3982448381
         33,           0,          49,     0.07773158452,      -5.736942653,      -3.652733006,      -2.605040292,     -0.3323333231
         34,           0,          49,     0.08008708708,      -5.725049236,      -3.633004186,        -2.7450134,     -0.2824375685
         35,           0,          49,     0.08244258965,      -5.757817091,      -3.699307832,      -2.933067801,     -0.2725338538
         36,           0,          49,     0.08479809221,      -5.820268018,       -3.74004897,      -3.105123794,     -0.3051691762
         37,           0,          49,     0.08715359477,      -5.884095654,      -3.814485094,       -3.10016798,     -0.3525562192
         38,           0,          49,     0.08950909733,      -5.938766302,      -3.958520403,      -2.964123821,     -0.4224435035
         39,           0,          49,     0.09186459989,       -5.94696245,      -3.990382041,      -2.872711321,     -0.4841437089
         40,           0,          49,     0.09422010245,      -5.911669143,      -3.949305448,      -2.818750527,     -0.5064401554
         41,           0,          49,     0.09657560501,      -5.875694463,      -3.881259149,      -2.785073361,     -0.4980116263
         42,           0,          49,     0.09893110758,      -5.845627597,      -3.818869093,      -2.726455124,     -0.4813863881
         43,           0,          49,      0.1012866101,      -5.821497034,      -3.758680151,      -2.636068982,     -0.4613569239
         44,           0,          49,      0.1036421127,      -5.794012745,      -3.710637324,      -2.573338743,     -0.4307702478
         45,           0,          49,      0.1059976153,      -5.758733987,       -3.67811999,      -2.583171754,     -0.3741287011
         46,           0,          49,      0.1083531178,      -5.733027122,      -3.662948376,      -2.681372805,     -0.3139235702
         47,           0,          49,      0.1107086204,      -5.739884801,      -3.699132668,      -2.866339173,     -0.2802910864
         48,           0,          49,      0.1130641229,      -5.792717916,      -3.740143892,       -3.04066738,      -0.295288786
         49,           0,          49,      0.1154196255,      -5.867418241,      -3.786402391,      -3.116198068,     -0.3461281165
         50,           0,          49,      0.1177751281,      -5.934648028,      -3.901925076,      -3.018422752,     -0.4213660254
         51,           0,          49,      0.1201306306,      -5.970245904,      -4.035146397,      -2.918862274,     -0.5073174137
         52,           0,          49,      0.1224861332,       -5.94419378,      -4.002644746,      -2.855769913,     -0.5571778886
         53,           0,          49,      0.1248416357,      -5.903799895,      -3.906931245,      -2.822774191,     -0.5598351638
         54,           0,          49,      0.1271971383,      -5.873859351,      -3.837328224,      -2.785686714,     -0.5428075125
         55,           0,          49,      0.1295526409,      -5.846946666,      -3.792080501,      -2.694844274,      -0.509768508
         56,           0,          49,      0.1319081434,      -5.815948432,      -3.744663385,      -2.593124388,     -0.4627972634
         57,           0,          49,       0.134263646,      -5.773966316,      -3.708200867,      -2.551466691,     -0.3974327934
         58,           0,          49,      0.1366191486,      -5.739095311,      -3.677129856,      -2.598820507,      -0.328213958
         59,           0,          49,      0.1389746511,      -5.728646219,      -3.655275468,      -2.739659996,     -0.2809760444
         60,           0,          49,      0.1413301537,       -5.75744603,       -3.70551955,      -2.942182267,     -0.2670929224
         61,           0,          49,      0.1436856562,      -5.816279422,      -3.763732197,      -3.102920979,     -0.2949574262
         62,           0,          49,      0.1460411588,       -5.88384039,      -3.832993075,         -3.076367,      -0.345245629
         63,           0,          49,      0.1483966614,      -5.941414429,      -3.959221569,      -2.952093565,     -0.4212782727
         64,           0,          49,      0.1507521639,      -5.951602136,      -3.996925893,       -2.87021144,     -0.4842657875
         65,           0,          49,      0.1531076665,      -5.916739969,      -3.958655028,      -2.818858389,     -0.5059745294
         66,           0,          49,       0.155463169,      -5.879192968,      -3.884649244,      -2.783293231,     -0.4968938337
         67,           0,          49,      0.1578186716,      -5.848588279,      -3.823890053,      -2.723066356,      -0.481047638
         68,           0,          49,      0.1601741742,       -5.82483995,      -3.765732673,      -2.630860366,     -0.4608715836
         69,           0,          49,      0.1625296767,      -5.796446002,      -3.720605267,      -2.565545672,     -0.4290975643
         70,           0,          49,      0.1648851793,      -5.761086493,      -3.688702142,      -2.573218843,     -0.3728162126
         71,           0,          49,      0.1672406819,      -5.739337907,       -3.67025709,      -2.669178581,     -0.3170007338
         72,           0,          49,      0.1695961844,      -5.745607213,      -3.694298248,      -2.855973916,      -0.284396758
         73,           0,          49,       0.171951687,      -5.794072105,       -3.74805882,      -3.049097138,     -0.2956529879
         74,           0,          49,      0.1743071895,      -5.870093756,      -3.795810409,        -3.1179505,     -0.3460462167
         75,           0,          49,      0.1766626921,       -5.93748289,      -3.901197017,      -3.016621315,     -0.4190054867
         76,           0,          49,      0.1790181947,      -5.975230351,      -4.030658405,      -2.913549303,     -0.5040857872
         77,           0,          49,      0.1813736972,      -5.952418428,      -4.005252525,      -2.848433766,     -0.5551972995
         78,           0,          49,      0.1837291998,      -5.910626435,      -3.912615835,      -2.812000204,     -0.5588474475
         79,           0,          49,      0.1860847023,      -5.879031754,      -3.840129743,      -2.773319691,     -0.5429956182
         80,           0,          49,      0.1884402049,      -5.851703651,      -3.795141166,      -2.686275337,     -0.5104454263
         81,           0,          49,      0.1907957075,       -5.81864885,      -3.749236333,      -2.587367229,     -0.4604490351
         82,           0,          49,        0.19315121,      -5.775821722,      -3.714564778,      -2.546071342,     -0.3939122758
         83,           0,          49,      0.1955067126,      -5.741305179,      -3.680448408,      -2.591953968,     -0.3261577042
         84,           0,          49,      0.1978622152,       -5.73215895,      -3.656030807,      -2.730445613,     -0.2814703381
         85,           0,          49,      0.2002177177,      -5.761453555,      -3.700994865,      -2.933714307,     -0.2688888819
         86,           0,          49,      0.2025732203,       -5.81781046,      -3.763510732,      -3.102224051,     -0.2931363501
         87,           0,          49,      0.2049287228,      -5.885012435,      -3.832749896,      -3.075007941,     -0.3415570268
         88,           0,          49,      0.2072842254,      -5.943775672,      -3.957047061,      -2.948177976,     -0.4185290968
         89,           0,          49,       0.209639728,      -5.956371045,      -3.996413796,      -2.867107116,     -0.4839841943
         90,           0,          49,      0.2119952305,      -5.921032493,       -3.95680224,      -2.815107073,     -0.5052049641
         91,           0,          49,      0.2143507331,      -5.881543151,      -3.885496063,      -2.778292873,     -0.4953391976
         92,           0,          49,      0.2167062356,      -5.850247558,      -3.824406578,       -2.71859504,     -0.4798421752
         93,           0,          49,      0.2190617382,       -5.82756356,      -3.764951012,      -2.627286105,      -0.460812104
         94,           0,          49,      0.2214172408,      -5.800494961,      -3.719774262,      -2.560880398,     -0.4302007086
         95,           0,          49,      0.2237727433,      -5.766423769,      -3.687829287,      -2.566052445,     -0.3757326083
         96,           0,          49,      0.2261282459,      -5.746463549,       -3.66988688,      -2.658994353,     -0.3218257148
         97,           0,          49,      0.2284837484,      -5.750661662,      -3.695235788,      -2.843575707,     -0.2878613087
         98,           0,          49,       0.230839251,      -5.796573842,      -3.747017876,      -3.043794966,     -0.2969864196
         99,           0,          49,      0.2331947536,      -5.872459234,      -3.795165037,      -3.123854441,     -0.3459829543
        100,           0,          49,      0.2355502561,      -5.939660766,      -3.898417383,      -3.016484987,     -0.4166355419
        101,           0,          49,      0.2379057587,      -5.978529112,       -4.02833958,       -2.90875462,      -0.500036787
        102,           0,          49,      0.2402612613,      -5.957571795,      -4.004882156,      -2.840522247,     -0.5513263987
        103,           0,          49,      0.2426167638,      -5.915003843,      -3.914004894,      -2.802028342,     -0.5567992847
        104,           0,          49,      0.2449722664,      -5.882603457,      -3.840587274,      -2.763457147,     -0.5429682421
        105,           0,          49,      0.2473277689,      -5.855897154,      -3.794380405,      -2.680332328,     -0.5124970971
        106,           0,          49,      0.2496832715,       -5.82333359,      -3.748786815,      -2.583838048,     -0.4625435927
        107,           0,          49,      0.2520387741,      -5.780617853,      -3.713039668,      -2.542715997,     -0.3959168994
        108,           0,          49,      0.2543942766,      -5.745394101,      -3.678803004,      -2.587682369,     -0.3282212093
        109,           0,          49,      0.2567497792,      -5.735289243,      -3.656632309,       -2.72502558,     -0.2824331483
        110,           0,          49,      0.2591052817,      -5.763740497,       -3.70337399,      -2.925851862,     -0.2688601033
        111,           0,          49,      0.2614607843,      -5.819261845,      -3.762826124,      -3.098990073,     -0.2919465653
        112,           0,          49,      0.2638162869,      -5.886781979,      -3.833204293,      -3.074332277,     -0.3399354438
        113,           0,          49,      0.2661717894,      -5.945249501,      -3.956873479,       -2.94573032,      -0.416202951
        114,           0,          49,       0.268527292,      -5.958871357,      -3.998569674,      -2.864010336,     -0.4820992119
        115,           0,          49,      0.2708827946,      -5.923035443,      -3.956751772,      -2.811235702,     -0.5031678448
        116,           0,          49,      0.2732382971,      -5.882817088,      -3.884341451,      -2.774026424,     -0.4936262521
        117,           0,          49,      0.2755937997,      -5.851952191,      -3.823431413,       -2.71551098,     -0.4800571974
        118,           0,          49,      0.2779493022,      -5.831104461,      -3.763830762,      -2.625156057,     -0.4633505888
        119,           0,          49,      0.2803048048,      -5.805832627,      -3.717504248,      -2.557711424,     -0.4343607737
        120,           0,          49,      0.2826603074,      -5.772046073,      -3.685374259,      -2.561129484,     -0.3804742907
        121,           0,          49,      0.2850158099,      -5.752086611,      -3.669894755,      -2.651989464,     -0.3263016702
        122,           0,          49,      0.2873713125,      -5.754037932,       -3.69707395,      -2.835189116,     -0.2900956047
        123,           0,          49,       0.289726815,      -5.798311297,      -3.747315381,      -3.038279523,     -0.2976019272
        124,           0,          49,      0.2920823176,      -5.874628003,      -3.793679909,      -3.124756178,     -0.3463015311
        125,           0,          49,      0.2944378202,      -5.941995914,      -3.898968154,      -3.014817727,      -0.415609292
        126,           0,          49,      0.2967933227,       -5.98075919,      -4.027610444,       -2.90500107,     -0.4970359406
        127,           0,          49,      0.2991488253,      -5.960340642,      -4.005153028,       -2.83548001,      -0.547621903
        128,           0,          49,      0.3015043278,      -5.917098882,      -3.914172735,       -2.79614749,     -0.5542083841
        129,           0,          49,      0.3038598304,      -5.884339777,      -3.840881134,      -2.757879009,     -0.5425479108
        130,           0,          49,       0.306215333,      -5.858144689,      -3.794509562,      -2.676690873,     -0.5133612592
        131,           0,          49,      0.3085708355,       -5.82553617,      -3.748728204,      -2.580984974,     -0.4627976248
        132,           0,          49,      0.3109263381,      -5.782403851,       -3.71363399,      -2.539723888,     -0.3953333437
        133,           0,          49,      0.3132818407,      -5.746777155,      -3.678796732,      -2.583977163,     -0.3272928857
        134,           0,          49,      0.3156373432,      -5.736964623,       -3.65583759,      -2.720099013,     -0.2824107271
        135,           0,          49,      0.3179928458,      -5.765579518,      -3.700898411,      -2.920833526,     -0.2692743742
        136,           0,          49,      0.3203483483,      -5.820811179,       -3.76241709,      -3.096214674,     -0.2916174982
        137,           0,          49,      0.3227038509,      -5.888543091,      -3.832226985,      -3.074699627,     -0.3393060263
        138,           0,          49,      0.3250593535,      -5.947082486,        -3.9559014,      -2.944836165,      -0.415288473
        139,           0,          49,       0.327414856,      -5.961189548,      -3.999747519,      -2.862999466,     -0.4814815637
        140,           0,          49,      0.3297703586,      -5.924682391,      -3.957098231,      -2.809877755,     -0.5019516174
        141,           0,          49,      0.3321258611,      -5.883685545,      -3.883699145,       -2.77216982,     -0.4920838487
        142,           0,          49,      0.3344813637,      -5.852517217,       -3.82360894,      -2.713542308,     -0.4787827697
        143,           0,          49,      0.3368368663,      -5.831704545,      -3.764443942,      -2.623085424,     -0.4622062653
        144,           0,          49,      0.3391923688,      -5.806588827,      -3.718214239,      -2.554922057,     -0.4330496903
        145,           0,          49,      0.3415478714,      -5.773567889,      -3.686195588,      -2.557339648,     -0.3800707256
        146,           0,          49,       0.343903374,      -5.755150245,      -3.669902512,      -2.646883541,     -0.3277856708
        147,           0,          49,      0.3462588765,      -5.756908819,      -3.694721378,      -2.828681408,     -0.2921332601
        148,           0,          49,      0.3486143791,      -5.799703527,      -3.746898619,       -3.03744031,     -0.2983738873
        149,           0,          49,      0.3509698816,      -5.875750967,      -3.794508424,      -3.127380525,     -0.3463267969
        150,           0,          49,      0.3533253842,      -5.943627456,      -3.896667173,      -3.015392467,     -0.4146744961
        151,           0,          49,      0.3556808868,      -5.982832742,      -4.025849676,      -2.902565412,     -0.4951993887
        152,           0,          49,      0.3580363893,      -5.963522992,      -4.004916781,      -2.831716093,     -0.5461462577
        153,           0,          49,      0.3603918919,      -5.919795374,      -3.915636662,      -2.791548585,     -0.5533663732
        154,           0,          49,      0.3627473944,      -5.886298599,      -3.841554701,       -2.75304211,     -0.5422295425
        155,           0,          49,       0.365102897,      -5.860048948,      -3.794956631,      -2.673399629,     -0.5135791627
        156,           0,          49,      0.3674583996,      -5.827273682,      -3.749451129,      -2.578862141,     -0.4626379913
        157,           0,          49,      0.3698139021,      -5.784041078,      -3.714287468,      -2.537719297,     -0.3949529445
        158,           0,          49,      0.3721694047,      -5.748342843,      -3.678957983,      -2.581474004,     -0.3271401224
        159,           0,          49,      0.3745249072,      -5.738490963,      -3.655847842,      -2.716793025,     -0.2824869967
        160,           0,          49,      0.3768804098,      -5.766854113,      -3.700428749,      -2.916931549,     -0.2693244688
        161,           0,          49,      0.3792359124,       -5.82155728,      -3.761846735,      -3.094921892,     -0.2909129368
        162,           0,          49,      0.3815914149,      -5.889134712,      -3.831896149,      -3.074549663,     -0.3380124671
        163,           0,          49,      0.3839469175,      -5.947717394,      -3.955660771,      -2.943574787,     -0.4138942857
        164,           0,          49,      0.3863024201,      -5.962604368,      -3.999982632,      -2.861564127,     -0.4806950798
        165,           0,          49,      0.3886579226,      -5.925915989,      -3.956766317,      -2.808070266,     -0.5010341017
        166,           0,          49,      0.3910134252,      -5.884463733,      -3.884353875,      -2.770029218,     -0.4910773671
        167,           0,          49,      0.3933689277,      -5.853175231,      -3.823647179,      -2.711667936,     -0.4782023323
        168,           0,          49,      0.3957244303,      -5.832780257,      -3.764381545,       -2.62171056,     -0.4622973802
        169,           0,          49,      0.3980799329,       -5.80841999,      -3.717773917,      -2.553206576,     -0.4337056572
        170,           0,          49,      0.4004354354,      -5.776167046,      -3.685721154,      -2.554733081,     -0.3816490269
        171,           0,          49,       0.402790938,      -5.758182061,      -3.670034419,      -2.643102909,     -0.3299182113
        172,           0,          49,      0.4051464405,      -5.759070565,      -3.695394495,      -2.823851167,      -0.293592452
        173,           0,          49,      0.4075019431,       -5.80077045,      -3.746893687,      -3.034614528,     -0.2988851959
        174,           0,          49,      0.4098574457,       -5.87660236,      -3.794258001,      -3.129007506,     -0.3461921232
        175,           0,          49,      0.4122129482,      -5.944723856,      -3.895875885,        -3.0151591,     -0.4138547374
        176,           0,          49,      0.4145684508,      -5.984111114,      -4.024927182,      -2.900642964,     -0.4936209665
        177,           0,          49,      0.4169239534,      -5.965303819,      -4.004786155,      -2.828876816,     -0.5444465328
        178,           0,          49,      0.4192794559,      -5.921263885,      -3.916247852,      -2.788193959,     -0.5522556124
        179,           0,          49,      0.4216349585,      -5.887493402,      -3.841777533,       -2.74969973,     -0.5419962063
        180,           0,          49,       0.423990461,      -5.861460179,       -3.79494071,      -2.671183364,     -0.5140712243
        181,           0,          49,      0.4263459636,      -5.828761533,      -3.749437754,      -2.577357374,     -0.4630065281
        182,           0,          49,      0.4287014662,      -5.785411327,      -3.714176207,      -2.536237019,     -0.3950165273
        183,           0,          49,      0.4310569687,       -5.74949962,      -3.678742827,      -2.579640696,     -0.3270681031
        184,           0,          49,      0.4334124713,      -5.739578983,      -3.655661922,      -2.714360207,     -0.2825389357
        185,           0,          49,      0.4357679738,      -5.767795912,      -3.700075012,      -2.914017288,     -0.2694287281
        186,           0,          49,      0.4381234764,      -5.822396433,      -3.761506274,      -3.093597059,       -0.29084412
        187,           0,          49,       0.440478979,      -5.890036767,      -3.831882017,      -3.075388232,     -0.3377950645
        188,           0,          49,      0.4428344815,      -5.948536734,       -3.95578019,      -2.943471708,     -0.4133373392
        189,           0,          49,      0.4451899841,       -5.96375288,       -4.00065156,      -2.860935751,      -0.480227249
        190,           0,          49,      0.4475454866,      -5.926825033,      -3.956973852,      -2.806976562,     -0.5003822452
        191,           0,          49,      0.4499009892,      -5.885016916,      -3.884721065,      -2.768638303,     -0.4903215658
        192,           0,          49,      0.4522564918,      -5.853610322,      -3.823870416,       -2.71040793,     -0.4777339813
        193,           0,          49,      0.4546119943,      -5.833458364,       -3.76435057,      -2.620717977,     -0.4622180632
        194,           0,          49,      0.4569674969,      -5.809609684,      -3.717716106,      -2.551907025,     -0.4339704623
        195,           0,          49,      0.4593229995,      -5.777935629,      -3.685545727,      -2.552790306,     -0.3826005583
        196,           0,          49,       0.461678502,       -5.76033242,      -3.670142256,       -2.64031912,     -0.3313819356
        197,           0,          49,      0.4640340046,      -5.760738482,      -3.695481327,      -2.820211671,      -0.294744634
        198,           0,          49,      0.4663895071,      -5.801597705,       -3.74689089,      -3.032743399,     -0.2992994607
        199,           0,          49,      0.4687450097,      -5.877222035,      -3.794175356,      -3.129973324,     -0.3461176833
        200,           0,          49,      0.4711005123,      -5.945560483,      -3.895170315,      -3.014909772,       -0.41325077
        201,           0,          49,      0.4734560148,      -5.985074473,      -4.024011673,      -2.899118911,     -0.4924507152
        202,           0,          49,      0.4758115174,      -5.966636108,      -4.004465923,      -2.826813656,     -0.5432311404
        203,           0,          49,      0.4781670199,       -5.92237343,      -3.916559999,      -2.785841719,     -0.5514424962
        204,           0,          49,      0.4805225225,      -5.888368971,      -3.841896665,      -2.747330747,     -0.5417459872
        205,           0,          49,      0.4828780251,      -5.862448777,       -3.79502079,      -2.669546556,     -0.5142908654
        206,           0,          49,      0.4852335276,      -5.829719801,      -3.749496622,      -2.576209739,     -0.4630458154
        207,           0,          49,      0.4875890302,      -5.786251506,      -3.714272116,      -2.535109827,     -0.3948138463
        208,           0,          49,      0.4899445328,      -5.750230835,      -3.678645109,      -2.578269381,     -0.3267989166
        209,           0,          49,      0.4923000353,      -5.740345666,      -3.655443281,      -2.712506152,     -0.2825250536
        210,           0,          49,      0.4946555379,      -5.768501687,      -3.699509797,      -2.911938552,     -0.2695276847
        211,           0,          49,      0.4970110404,      -5.822985413,      -3.761240989,      -3.092720465,     -0.2907463345
        212,           0,          49,       0.499366543,      -5.890590012,      -3.832101335,      -3.075899157,     -0.3374931705
        213,           0,          49,      0.5017220456,       -5.94906177,       -3.95573241,      -2.943221397,     -0.4128140645
        214,           0,          49,      0.5040775481,      -5.964599925,      -4.000763868,      -2.860369385,      -0.479866052
        215,           0,          49,      0.5064330507,      -5.927547339,      -3.957107385,      -2.806113472,     -0.4999259311
        216,           0,          49,      0.5087885532,      -5.885469759,      -3.885177661,      -2.767551369,     -0.4897723103
        217,           0,          49,      0.5111440558,      -5.853959302,      -3.823911059,      -2.709409663,     -0.4773501117
        218,           0,          49,      0.5134995584,      -5.833987677,      -3.764376203,      -2.619948472,     -0.4621057065
        219,           0,          49,      0.5158550609,      -5.810511237,      -3.717737042,      -2.550969265,      -0.434161655
        220,           0,          49,      0.5182105635,      -5.779295209,      -3.685483064,      -2.551392382,     -0.3833351047
        221,           0,          49,      0.5205660661,      -5.761963242,      -3.670249703,      -2.638290091,     -0.3325008425
        222,           0,          49,      0.5229215686,      -5.761989488,      -3.695691786,      -2.817546576,     -0.2955891483
        223,           0,          49,      0.5252770712,      -5.802194276,      -3.746899183,      -3.031256774,     -0.2995770553
        224,           0,          49,      0.5276325737,      -5.877611369,      -3.794068706,      -3.130701475,      -0.345962773
        225,           0,          49,      0.5299880763,      -5.946093326,      -3.894610287,       -3.01459941,     -0.4126986598
        226,           0,          49,      0.5323435789,      -5.985736431,       -4.02319552,      -2.897919117,     -0.4915246778
        227,           0,          49,      0.5346990814,      -5.967603742,      -4.004254158,      -2.825247958,     -0.5423194986
        228,           0,          49,       0.537054584,      -5.923186122,      -3.916656388,      -2.784090028,     -0.5508358672
        229,           0,          49,      0.5394100865,      -5.889022671,      -3.841971841,      -2.745575906,     -0.5415776826
        230,           0,          49,      0.5417655891,      -5.863202011,      -3.795018535,      -2.668338803,      -0.514494149
        231,           0,          49,      0.5441210917,       -5.83048481,      -3.749484618,      -2.575373298,     -0.4631657606
        232,           0,          49,      0.5464765942,      -5.786950766,      -3.714260841,      -2.534286865,     -0.3947675306
        233,           0,          49,      0.5488320968,      -5.750822887,      -3.678538612,      -2.577264433,     -0.3266614691
        234,           0,          49,      0.5511875993,      -5.740929456,      -3.655284821,      -2.711137846,     -0.2825407264
        235,           0,          49,      0.5535431019,      -5.769035129,      -3.699185006,      -2.910348019,     -0.2696146968
        236,           0,          49,      0.5558986045,      -5.823468357,      -3.761014387,      -3.092028054,     -0.2907531994
        237,           0,          49,       0.558254107,      -5.891078205,      -3.832055275,      -3.076529536,     -0.3373923885
        238,           0,          49,      0.5606096096,        -5.9494934,      -3.955738935,      -2.943250276,     -0.4125158859
        239,           0,          49,      0.5629651122,      -5.965232358,       -4.00096995,      -2.860048062,     -0.4796177882
        240,           0,          49,      0.5653206147,      -5.928081165,      -3.957172877,      -2.805500734,     -0.4995700547
        241,           0,          49,      0.5676761173,      -5.885805863,      -3.885528422,      -2.766734776,     -0.4893660515
        242,           0,          49,      0.5700316198,      -5.854233607,      -3.824044829,      -2.708661017,      -0.477080611
        243,           0,          49,      0.5723871224,      -5.834436006,      -3.764424243,       -2.61936553,     -0.4620656016
        244,           0,          49,       0.574742625,      -5.811198701,      -3.717736017,      -2.550283139,      -0.434330436
        245,           0,          49,      0.5770981275,      -5.780319925,      -3.685465854,      -2.550370277,     -0.3838993963
        246,           0,          49,      0.5794536301,      -5.763146778,      -3.670338113,      -2.636805684,     -0.3333175909
        247,           0,          49,      0.5818091326,       -5.76292449,      -3.695870778,      -2.815582189,     -0.2962215741
        248,           0,          49,      0.5841646352,      -5.802649662,      -3.746927553,      -3.030125561,     -0.2997980964
        249,           0,          49,      0.5865201378,      -5.877915943,      -3.794003159,      -3.131200378,     -0.3458687894
        250,           0,          49,      0.5888756403,      -5.946527711,      -3.894065633,      -3.014422717,     -0.4123357216
